{
  "data": [
    {
      "id": "253592",
      "date": "20-07-2017",
      "type": "Certificate DGS",
      "state": "Pending",
      "description": "Lorem Ipsum",
      "user": "PA206680"
    },
    {
      "id": "253592",
      "date": "20-07-2017",
      "type": "Certificate DGS",
      "state": "Pending",
      "description": "Lorem Ipsum",
      "user": "PA206680"
    },
    {
      "id": "253592",
      "date": "20-07-2017",
      "type": "Certificate DGS",
      "state": "Pending",
      "description": "Lorem Ipsum",
      "user": "PA206680"
    },
    {
      "id": "253592",
      "date": "20-07-2017",
      "type": "Certificate DGS",
      "state": "Pending",
      "description": "Lorem Ipsum",
      "user": "PA206680"
    },
    {
      "id": "253592",
      "date": "20-07-2017",
      "type": "Certificate DGS",
      "state": "Pending",
      "description": "Lorem Ipsum",
      "user": "PA206680"
    },
    {
      "id": "253592",
      "date": "20-07-2017",
      "type": "Certificate DGS",
      "state": "Pending",
      "description": "Lorem Ipsum",
      "user": "PA206680"
    }
  ]
}